{"v":"5.1.9","fr":24,"ip":0,"op":34,"w":73,"h":188,"nm":"women","ddd":0,"assets":[],"layers":[{"ddd":0,"ind":1,"ty":4,"nm":"Group 1 :M","parent":15,"sr":1,"ks":{"o":{"a":0,"k":100,"ix":11},"r":{"a":0,"k":0,"ix":10},"p":{"a":0,"k":[0.339,-72.544,0],"ix":2},"a":{"a":0,"k":[112.339,53.456,0],"ix":1},"s":{"a":0,"k":[100,100,100],"ix":6}},"ao":0,"shapes":[{"ty":"gr","it":[{"ty":"gr","it":[{"ind":0,"ty":"sh","ix":1,"ks":{"a":0,"k":{"i":[[0,0],[3.601,0],[0,0.665],[-3.602,0],[0,-0.665]],"o":[[0,0.665],[-3.602,0],[0,-0.665],[3.601,0],[0,0]],"v":[[6.86,-59.256],[0.339,-58.052],[-6.183,-59.256],[0.339,-60.46],[6.86,-59.256]],"c":false},"ix":2},"nm":"Path 1","mn":"ADBE Vector Shape - Group","hd":false},{"ty":"fl","c":{"a":0,"k":[0.341176480055,0.490196079016,0.909803926945,1],"ix":4},"o":{"a":0,"k":100,"ix":5},"r":1,"nm":"Fill 1","mn":"ADBE Vector Graphic - Fill","hd":false},{"ty":"tr","p":{"a":0,"k":[0,0],"ix":2},"a":{"a":0,"k":[0,0],"ix":1},"s":{"a":0,"k":[100,100],"ix":3},"r":{"a":0,"k":0,"ix":6},"o":{"a":0,"k":100,"ix":7},"sk":{"a":0,"k":0,"ix":4},"sa":{"a":0,"k":0,"ix":5},"nm":"Transform"}],"nm":"Group 1","np":2,"cix":2,"ix":1,"mn":"ADBE Vector Group","hd":false},{"ty":"tr","p":{"a":0,"k":[112.339,66.744],"ix":2},"a":{"a":0,"k":[0.339,-59.256],"ix":1},"s":{"a":0,"k":[100,100],"ix":3},"r":{"a":0,"k":0,"ix":6},"o":{"a":0,"k":100,"ix":7},"sk":{"a":0,"k":0,"ix":4},"sa":{"a":0,"k":0,"ix":5},"nm":"Transform"}],"nm":"Group 1","np":1,"cix":2,"ix":1,"mn":"ADBE Vector Group","hd":false},{"ty":"gr","it":[{"ty":"gr","it":[{"ty":"gr","it":[{"ind":0,"ty":"sh","ix":1,"ks":{"a":0,"k":{"i":[[0,0],[0.684,0],[0,0.685],[-0.685,0],[0,-0.685]],"o":[[0,0.685],[-0.685,0],[0,-0.685],[0.684,0],[0,0]],"v":[[1.579,-85.796],[0.339,-84.556],[-0.901,-85.796],[0.339,-87.036],[1.579,-85.796]],"c":false},"ix":2},"nm":"Path 1","mn":"ADBE Vector Shape - Group","hd":false},{"ty":"fl","c":{"a":0,"k":[0.341176480055,0.490196079016,0.909803926945,1],"ix":4},"o":{"a":0,"k":100,"ix":5},"r":1,"nm":"Fill 1","mn":"ADBE Vector Graphic - Fill","hd":false},{"ty":"tr","p":{"a":0,"k":[0,0],"ix":2},"a":{"a":0,"k":[0,0],"ix":1},"s":{"a":0,"k":[100,100],"ix":3},"r":{"a":0,"k":0,"ix":6},"o":{"a":0,"k":100,"ix":7},"sk":{"a":0,"k":0,"ix":4},"sa":{"a":0,"k":0,"ix":5},"nm":"Transform"}],"nm":"Group 2","np":2,"cix":2,"ix":1,"mn":"ADBE Vector Group","hd":false},{"ty":"tr","p":{"a":0,"k":[112.339,40.204],"ix":2},"a":{"a":0,"k":[0.339,-85.796],"ix":1},"s":{"a":0,"k":[100,100],"ix":3},"r":{"a":0,"k":0,"ix":6},"o":{"a":0,"k":100,"ix":7},"sk":{"a":0,"k":0,"ix":4},"sa":{"a":0,"k":0,"ix":5},"nm":"Transform"}],"nm":"Group 2","np":1,"cix":2,"ix":1,"mn":"ADBE Vector Group","hd":false},{"ty":"tr","p":{"a":0,"k":[112.339,40.204],"ix":2},"a":{"a":0,"k":[112.339,40.204],"ix":1},"s":{"a":0,"k":[100,100],"ix":3},"r":{"a":0,"k":0,"ix":6},"o":{"a":0,"k":100,"ix":7},"sk":{"a":0,"k":0,"ix":4},"sa":{"a":0,"k":0,"ix":5},"nm":"Transform"}],"nm":"Group 2","np":1,"cix":2,"ix":2,"mn":"ADBE Vector Group","hd":false},{"ty":"gr","it":[{"ty":"gr","it":[{"ty":"gr","it":[{"ind":0,"ty":"sh","ix":1,"ks":{"a":0,"k":{"i":[[0,0],[0,0],[0,0]],"o":[[0,0],[0,0],[0,0]],"v":[[-6.183,-59.256],[0.339,-84.04],[6.86,-59.256]],"c":true},"ix":2},"nm":"Path 1","mn":"ADBE Vector Shape - Group","hd":false},{"ty":"fl","c":{"a":0,"k":[0.341176480055,0.490196079016,0.909803926945,1],"ix":4},"o":{"a":0,"k":100,"ix":5},"r":1,"nm":"Fill 1","mn":"ADBE Vector Graphic - Fill","hd":false},{"ty":"tr","p":{"a":0,"k":[0,0],"ix":2},"a":{"a":0,"k":[0,0],"ix":1},"s":{"a":0,"k":[100,100],"ix":3},"r":{"a":0,"k":0,"ix":6},"o":{"a":0,"k":100,"ix":7},"sk":{"a":0,"k":0,"ix":4},"sa":{"a":0,"k":0,"ix":5},"nm":"Transform"}],"nm":"Group 3","np":2,"cix":2,"ix":1,"mn":"ADBE Vector Group","hd":false},{"ty":"tr","p":{"a":0,"k":[112.338,54.352],"ix":2},"a":{"a":0,"k":[0.338,-71.648],"ix":1},"s":{"a":0,"k":[100,100],"ix":3},"r":{"a":0,"k":0,"ix":6},"o":{"a":0,"k":100,"ix":7},"sk":{"a":0,"k":0,"ix":4},"sa":{"a":0,"k":0,"ix":5},"nm":"Transform"}],"nm":"Group 3","np":1,"cix":2,"ix":1,"mn":"ADBE Vector Group","hd":false},{"ty":"tr","p":{"a":0,"k":[112.338,54.352],"ix":2},"a":{"a":0,"k":[112.338,54.352],"ix":1},"s":{"a":0,"k":[100,100],"ix":3},"r":{"a":0,"k":0,"ix":6},"o":{"a":0,"k":100,"ix":7},"sk":{"a":0,"k":0,"ix":4},"sa":{"a":0,"k":0,"ix":5},"nm":"Transform"}],"nm":"Group 3","np":1,"cix":2,"ix":3,"mn":"ADBE Vector Group","hd":false}],"ip":0,"op":34,"st":0,"bm":0},{"ddd":0,"ind":2,"ty":4,"nm":"Group 4","sr":1,"ks":{"o":{"a":0,"k":100,"ix":11},"r":{"a":0,"k":0,"ix":10},"p":{"a":0,"k":[65.36,78.546,0],"ix":2},"a":{"a":0,"k":[28.86,-15.454,0],"ix":1},"s":{"a":0,"k":[100,100,100],"ix":6}},"ao":0,"shapes":[{"ty":"gr","it":[{"ind":0,"ty":"sh","ix":1,"ks":{"a":0,"k":{"i":[[0,0],[2.071,0],[0,2.071],[-2.071,0],[0,-2.071]],"o":[[0,2.071],[-2.071,0],[0,-2.071],[2.071,0],[0,0]],"v":[[32.61,-15.454],[28.86,-11.704],[25.11,-15.454],[28.86,-19.204],[32.61,-15.454]],"c":false},"ix":2},"nm":"Path 1","mn":"ADBE Vector Shape - Group","hd":false},{"ty":"fl","c":{"a":0,"k":[1,0.823529422283,0.733333349228,1],"ix":4},"o":{"a":0,"k":100,"ix":5},"r":1,"nm":"Fill 1","mn":"ADBE Vector Graphic - Fill","hd":false},{"ty":"tr","p":{"a":0,"k":[0,0],"ix":2},"a":{"a":0,"k":[0,0],"ix":1},"s":{"a":0,"k":[100,100],"ix":3},"r":{"a":0,"k":0,"ix":6},"o":{"a":0,"k":100,"ix":7},"sk":{"a":0,"k":0,"ix":4},"sa":{"a":0,"k":0,"ix":5},"nm":"Transform"}],"nm":"Group 4","np":2,"cix":2,"ix":1,"mn":"ADBE Vector Group","hd":false}],"ip":0,"op":34,"st":0,"bm":0},{"ddd":0,"ind":3,"ty":4,"nm":"Group 5 :M","sr":1,"ks":{"o":{"a":0,"k":100,"ix":11},"r":{"a":0,"k":0,"ix":10},"p":{"a":0,"k":[51.65,67.302,0],"ix":2},"a":{"a":0,"k":[127.15,99.302,0],"ix":1},"s":{"a":0,"k":[100,100,100],"ix":6}},"ao":0,"shapes":[{"ty":"gr","it":[{"ty":"gr","it":[{"ind":0,"ty":"sh","ix":1,"ks":{"a":0,"k":{"i":[[0,0],[1.371,0],[0,1.371],[-1.371,0],[0,-1.37]],"o":[[0,1.371],[-1.371,0],[0,-1.37],[1.371,0],[0,0]],"v":[[17.632,-33.967],[15.151,-31.486],[12.669,-33.967],[15.151,-36.448],[17.632,-33.967]],"c":false},"ix":2},"nm":"Path 1","mn":"ADBE Vector Shape - Group","hd":false},{"ty":"fl","c":{"a":0,"k":[1,0.43137255311,0.54509806633,1],"ix":4},"o":{"a":0,"k":100,"ix":5},"r":1,"nm":"Fill 1","mn":"ADBE Vector Graphic - Fill","hd":false},{"ty":"tr","p":{"a":0,"k":[0,0],"ix":2},"a":{"a":0,"k":[0,0],"ix":1},"s":{"a":0,"k":[100,100],"ix":3},"r":{"a":0,"k":0,"ix":6},"o":{"a":0,"k":100,"ix":7},"sk":{"a":0,"k":0,"ix":4},"sa":{"a":0,"k":0,"ix":5},"nm":"Transform"}],"nm":"Group 5","np":2,"cix":2,"ix":1,"mn":"ADBE Vector Group","hd":false},{"ty":"tr","p":{"a":0,"k":[127.15,92.033],"ix":2},"a":{"a":0,"k":[15.15,-33.967],"ix":1},"s":{"a":0,"k":[100,100],"ix":3},"r":{"a":0,"k":0,"ix":6},"o":{"a":0,"k":100,"ix":7},"sk":{"a":0,"k":0,"ix":4},"sa":{"a":0,"k":0,"ix":5},"nm":"Transform"}],"nm":"Group 5","np":1,"cix":2,"ix":1,"mn":"ADBE Vector Group","hd":false},{"ty":"gr","it":[{"ty":"gr","it":[{"ind":0,"ty":"sh","ix":1,"ks":{"a":0,"k":{"i":[[0,0],[0,0],[0,0],[0,0],[0,0],[0,0]],"o":[[0,0],[0,0],[0,0],[0,0],[0,0],[0,0]],"v":[[27.753,-27.143],[3.34,-27.143],[2.548,-27.143],[2.548,-24.779],[3.34,-24.779],[27.753,-24.779]],"c":true},"ix":2},"nm":"Path 1","mn":"ADBE Vector Shape - Group","hd":false},{"ty":"fl","c":{"a":0,"k":[1,1,1,1],"ix":4},"o":{"a":0,"k":100,"ix":5},"r":1,"nm":"Fill 1","mn":"ADBE Vector Graphic - Fill","hd":false},{"ty":"tr","p":{"a":0,"k":[0,0],"ix":2},"a":{"a":0,"k":[0,0],"ix":1},"s":{"a":0,"k":[100,100],"ix":3},"r":{"a":0,"k":0,"ix":6},"o":{"a":0,"k":100,"ix":7},"sk":{"a":0,"k":0,"ix":4},"sa":{"a":0,"k":0,"ix":5},"nm":"Transform"}],"nm":"Group 6","np":2,"cix":2,"ix":1,"mn":"ADBE Vector Group","hd":false},{"ty":"tr","p":{"a":0,"k":[127.15,100.039],"ix":2},"a":{"a":0,"k":[15.15,-25.961],"ix":1},"s":{"a":0,"k":[100,100],"ix":3},"r":{"a":0,"k":0,"ix":6},"o":{"a":0,"k":100,"ix":7},"sk":{"a":0,"k":0,"ix":4},"sa":{"a":0,"k":0,"ix":5},"nm":"Transform"}],"nm":"Group 6","np":1,"cix":2,"ix":2,"mn":"ADBE Vector Group","hd":false},{"ty":"gr","it":[{"ty":"gr","it":[{"ind":0,"ty":"sh","ix":1,"ks":{"a":0,"k":{"i":[[0,0],[0,0],[0,0],[0,0]],"o":[[0,0],[0,0],[0,0],[0,0]],"v":[[27.362,-17.693],[2.94,-17.693],[2.94,-30.297],[27.362,-30.297]],"c":true},"ix":2},"nm":"Path 1","mn":"ADBE Vector Shape - Group","hd":false},{"ty":"fl","c":{"a":0,"k":[1,0.823529422283,0.733333349228,1],"ix":4},"o":{"a":0,"k":100,"ix":5},"r":1,"nm":"Fill 1","mn":"ADBE Vector Graphic - Fill","hd":false},{"ty":"tr","p":{"a":0,"k":[0,0],"ix":2},"a":{"a":0,"k":[0,0],"ix":1},"s":{"a":0,"k":[100,100],"ix":3},"r":{"a":0,"k":0,"ix":6},"o":{"a":0,"k":100,"ix":7},"sk":{"a":0,"k":0,"ix":4},"sa":{"a":0,"k":0,"ix":5},"nm":"Transform"}],"nm":"Group 7","np":2,"cix":2,"ix":1,"mn":"ADBE Vector Group","hd":false},{"ty":"tr","p":{"a":0,"k":[127.151,102.005],"ix":2},"a":{"a":0,"k":[15.151,-23.995],"ix":1},"s":{"a":0,"k":[100,100],"ix":3},"r":{"a":0,"k":0,"ix":6},"o":{"a":0,"k":100,"ix":7},"sk":{"a":0,"k":0,"ix":4},"sa":{"a":0,"k":0,"ix":5},"nm":"Transform"}],"nm":"Group 7","np":1,"cix":2,"ix":3,"mn":"ADBE Vector Group","hd":false},{"ty":"gr","it":[{"ty":"gr","it":[{"ind":0,"ty":"sh","ix":1,"ks":{"a":0,"k":{"i":[[0,0],[0,0]],"o":[[0,0],[0,0]],"v":[[31.572,-16.947],[-1.272,-16.947]],"c":false},"ix":2},"nm":"Path 1","mn":"ADBE Vector Shape - Group","hd":false},{"ty":"st","c":{"a":0,"k":[0.423529416323,0.807843148708,1,1],"ix":3},"o":{"a":0,"k":100,"ix":4},"w":{"a":0,"k":1,"ix":5},"lc":1,"lj":1,"ml":10,"nm":"Stroke 1","mn":"ADBE Vector Graphic - Stroke","hd":false},{"ty":"tr","p":{"a":0,"k":[0,0],"ix":2},"a":{"a":0,"k":[0,0],"ix":1},"s":{"a":0,"k":[100,100],"ix":3},"r":{"a":0,"k":0,"ix":6},"o":{"a":0,"k":100,"ix":7},"sk":{"a":0,"k":0,"ix":4},"sa":{"a":0,"k":0,"ix":5},"nm":"Transform"}],"nm":"Group 8","np":2,"cix":2,"ix":1,"mn":"ADBE Vector Group","hd":false},{"ty":"tr","p":{"a":0,"k":[127.15,109.053],"ix":2},"a":{"a":0,"k":[15.15,-16.947],"ix":1},"s":{"a":0,"k":[100,100],"ix":3},"r":{"a":0,"k":0,"ix":6},"o":{"a":0,"k":100,"ix":7},"sk":{"a":0,"k":0,"ix":4},"sa":{"a":0,"k":0,"ix":5},"nm":"Transform"}],"nm":"Group 8","np":1,"cix":2,"ix":4,"mn":"ADBE Vector Group","hd":false}],"ip":0,"op":34,"st":0,"bm":0},{"ddd":0,"ind":4,"ty":4,"nm":"Group 9 :M","sr":1,"ks":{"o":{"a":0,"k":100,"ix":11},"r":{"a":1,"k":[{"i":{"x":[0.667],"y":[1]},"o":{"x":[0.333],"y":[0]},"n":["0p667_1_0p333_0"],"t":0,"s":[0],"e":[-4.2]},{"i":{"x":[0.667],"y":[1]},"o":{"x":[0.333],"y":[0]},"n":["0p667_1_0p333_0"],"t":8,"s":[-4.2],"e":[0]},{"i":{"x":[0.667],"y":[1]},"o":{"x":[0.333],"y":[0]},"n":["0p667_1_0p333_0"],"t":16,"s":[0],"e":[-4.2]},{"i":{"x":[0.667],"y":[1]},"o":{"x":[0.333],"y":[0]},"n":["0p667_1_0p333_0"],"t":25,"s":[-4.2],"e":[0]},{"t":34}],"ix":10},"p":{"a":0,"k":[21.746,59.623,0],"ix":2},"a":{"a":0,"k":[97.246,91.623,0],"ix":1},"s":{"a":0,"k":[100,100,100],"ix":6}},"ao":0,"shapes":[{"ty":"gr","it":[{"ty":"gr","it":[{"ind":0,"ty":"sh","ix":1,"ks":{"a":0,"k":{"i":[[0,0],[0.529,-1.221],[0,0],[0,0],[0,0],[0,0],[0,0],[0,0]],"o":[[-1.079,0.605],[0,0],[0,0],[0,0],[0,0],[0,0],[0,0],[0,0]],"v":[[-17.801,-38.559],[-20.31,-35.787],[-28.572,-16.653],[-30.575,-5.144],[-23.489,-3.824],[-19.672,-15.542],[-11.541,-28.085],[-9.648,-33.058]],"c":true},"ix":2},"nm":"Path 1","mn":"ADBE Vector Shape - Group","hd":false},{"ty":"fl","c":{"a":0,"k":[0.89411765337,0.913725495338,1,1],"ix":4},"o":{"a":0,"k":100,"ix":5},"r":1,"nm":"Fill 1","mn":"ADBE Vector Graphic - Fill","hd":false},{"ty":"tr","p":{"a":0,"k":[0,0],"ix":2},"a":{"a":0,"k":[0,0],"ix":1},"s":{"a":0,"k":[100,100],"ix":3},"r":{"a":0,"k":0,"ix":6},"o":{"a":0,"k":100,"ix":7},"sk":{"a":0,"k":0,"ix":4},"sa":{"a":0,"k":0,"ix":5},"nm":"Transform"}],"nm":"Group 9","np":2,"cix":2,"ix":1,"mn":"ADBE Vector Group","hd":false},{"ty":"tr","p":{"a":0,"k":[91.889,104.809],"ix":2},"a":{"a":0,"k":[-20.111,-21.191],"ix":1},"s":{"a":0,"k":[100,100],"ix":3},"r":{"a":0,"k":0,"ix":6},"o":{"a":0,"k":100,"ix":7},"sk":{"a":0,"k":0,"ix":4},"sa":{"a":0,"k":0,"ix":5},"nm":"Transform"}],"nm":"Group 9","np":1,"cix":2,"ix":1,"mn":"ADBE Vector Group","hd":false},{"ty":"gr","it":[{"ty":"gr","it":[{"ind":0,"ty":"sh","ix":1,"ks":{"a":0,"k":{"i":[[0,0],[0,-0.155],[-1.277,-0.286],[-0.44,1.343],[0,0],[0,0]],"o":[[-0.033,0.154],[0,1.264],[1.386,0.308],[0,0],[0,0],[0,0]],"v":[[-32.566,6.331],[-32.61,6.805],[-30.453,9.489],[-27.241,7.651],[-23.489,-3.824],[-30.574,-5.144]],"c":true},"ix":2},"nm":"Path 1","mn":"ADBE Vector Shape - Group","hd":false},{"ty":"fl","c":{"a":0,"k":[1,0.823529422283,0.733333349228,1],"ix":4},"o":{"a":0,"k":100,"ix":5},"r":1,"nm":"Fill 1","mn":"ADBE Vector Graphic - Fill","hd":false},{"ty":"tr","p":{"a":0,"k":[0,0],"ix":2},"a":{"a":0,"k":[0,0],"ix":1},"s":{"a":0,"k":[100,100],"ix":3},"r":{"a":0,"k":0,"ix":6},"o":{"a":0,"k":100,"ix":7},"sk":{"a":0,"k":0,"ix":4},"sa":{"a":0,"k":0,"ix":5},"nm":"Transform"}],"nm":"Group 10","np":2,"cix":2,"ix":1,"mn":"ADBE Vector Group","hd":false},{"ty":"tr","p":{"a":0,"k":[83.95,128.205],"ix":2},"a":{"a":0,"k":[-28.05,2.205],"ix":1},"s":{"a":0,"k":[100,100],"ix":3},"r":{"a":0,"k":0,"ix":6},"o":{"a":0,"k":100,"ix":7},"sk":{"a":0,"k":0,"ix":4},"sa":{"a":0,"k":0,"ix":5},"nm":"Transform"}],"nm":"Group 110","np":1,"cix":2,"ix":2,"mn":"ADBE Vector Group","hd":false}],"ip":0,"op":34,"st":0,"bm":0},{"ddd":0,"ind":5,"ty":4,"nm":"Group 11 :M","sr":1,"ks":{"o":{"a":0,"k":100,"ix":11},"r":{"a":0,"k":0,"ix":10},"p":{"a":0,"k":[54.492,66.693,0],"ix":2},"a":{"a":0,"k":[129.992,98.693,0],"ix":1},"s":{"a":0,"k":[100,100,100],"ix":6}},"ao":0,"shapes":[{"ty":"gr","it":[{"ty":"gr","it":[{"ind":0,"ty":"sh","ix":1,"ks":{"a":0,"k":{"i":[[0,0],[0,0],[0,0],[-0.144,-0.243],[1.178,-1.571],[0,0],[0,0],[0,0],[0.325,-0.154],[0,0]],"o":[[0,0],[0,0],[0.186,0.219],[0.965,1.662],[0,0],[0,0],[0,0],[-0.292,0.204],[0,0],[0,0]],"v":[[19.315,-33.793],[30.525,-19.957],[30.567,-19.91],[31.061,-19.211],[29.651,-17.136],[28.869,-16.214],[28.329,-15.58],[28.096,-15.58],[27.169,-15.043],[12.913,-27.569]],"c":true},"ix":2},"nm":"Path 1","mn":"ADBE Vector Shape - Group","hd":false},{"ty":"fl","c":{"a":0,"k":[0.89411765337,0.913725495338,1,1],"ix":4},"o":{"a":0,"k":100,"ix":5},"r":1,"nm":"Fill 1","mn":"ADBE Vector Graphic - Fill","hd":false},{"ty":"tr","p":{"a":0,"k":[0,0],"ix":2},"a":{"a":0,"k":[0,0],"ix":1},"s":{"a":0,"k":[100,100],"ix":3},"r":{"a":0,"k":0,"ix":6},"o":{"a":0,"k":100,"ix":7},"sk":{"a":0,"k":0,"ix":4},"sa":{"a":0,"k":0,"ix":5},"nm":"Transform"}],"nm":"Group 11","np":2,"cix":2,"ix":1,"mn":"ADBE Vector Group","hd":false},{"ty":"tr","p":{"a":0,"k":[134.164,101.582],"ix":2},"a":{"a":0,"k":[22.164,-24.418],"ix":1},"s":{"a":0,"k":[100,100],"ix":3},"r":{"a":0,"k":0,"ix":6},"o":{"a":0,"k":100,"ix":7},"sk":{"a":0,"k":0,"ix":4},"sa":{"a":0,"k":0,"ix":5},"nm":"Transform"}],"nm":"Group 111","np":1,"cix":2,"ix":1,"mn":"ADBE Vector Group","hd":false},{"ty":"gr","it":[{"ty":"gr","it":[{"ind":0,"ty":"sh","ix":1,"ks":{"a":0,"k":{"i":[[0,0],[-0.383,0.423],[-0.018,0.018],[-0.027,0.037],[-0.074,0.046],[-0.322,0.237],[-0.079,0.056],[-0.238,0.098],[-0.849,0.276],[-0.992,0.27],[-0.005,0],[0,0],[0,0],[0,0],[0,0]],"o":[[0.352,-0.446],[0.019,-0.018],[0.047,-0.052],[0.042,-0.028],[0.335,-0.215],[0.089,-0.07],[0.229,-0.107],[0.81,-0.359],[0.967,-0.321],[0.005,0],[0,0],[0,0],[0,0],[0,0],[0,0]],"v":[[4.57,-34.712],[5.674,-36.009],[5.73,-36.069],[5.846,-36.2],[6.014,-36.302],[6.997,-37.02],[7.681,-37.44],[8.38,-37.757],[10.877,-38.69],[13.815,-39.566],[13.834,-39.571],[15.913,-37.378],[19.273,-33.839],[19.315,-33.793],[12.913,-27.568]],"c":true},"ix":2},"nm":"Path 1","mn":"ADBE Vector Shape - Group","hd":false},{"ty":"fl","c":{"a":0,"k":[0.89411765337,0.913725495338,1,1],"ix":4},"o":{"a":0,"k":100,"ix":5},"r":1,"nm":"Fill 1","mn":"ADBE Vector Graphic - Fill","hd":false},{"ty":"tr","p":{"a":0,"k":[0,0],"ix":2},"a":{"a":0,"k":[0,0],"ix":1},"s":{"a":0,"k":[100,100],"ix":3},"r":{"a":0,"k":0,"ix":6},"o":{"a":0,"k":100,"ix":7},"sk":{"a":0,"k":0,"ix":4},"sa":{"a":0,"k":0,"ix":5},"nm":"Transform"}],"nm":"Group 12","np":2,"cix":2,"ix":1,"mn":"ADBE Vector Group","hd":false},{"ty":"tr","p":{"a":0,"k":[123.943,92.43],"ix":2},"a":{"a":0,"k":[11.943,-33.57],"ix":1},"s":{"a":0,"k":[100,100],"ix":3},"r":{"a":0,"k":0,"ix":6},"o":{"a":0,"k":100,"ix":7},"sk":{"a":0,"k":0,"ix":4},"sa":{"a":0,"k":0,"ix":5},"nm":"Transform"}],"nm":"Group 112","np":1,"cix":2,"ix":2,"mn":"ADBE Vector Group","hd":false}],"ip":0,"op":34,"st":0,"bm":0},{"ddd":0,"ind":6,"ty":4,"nm":"Group 13","sr":1,"ks":{"o":{"a":0,"k":100,"ix":11},"r":{"a":0,"k":0,"ix":10},"p":{"a":0,"k":[38.35,108.962,0],"ix":2},"a":{"a":0,"k":[1.85,14.962,0],"ix":1},"s":{"a":0,"k":[100,100,100],"ix":6}},"ao":0,"shapes":[{"ty":"gr","it":[{"ind":0,"ty":"sh","ix":1,"ks":{"a":0,"k":{"i":[[0,0],[0,0],[0,0],[0,0],[0,0],[0,0],[2.561,6.401]],"o":[[0,0],[0,0],[0,0],[0,0],[0,0],[0.639,-6.864],[0,0]],"v":[[18.366,-4.854],[15.422,-12.215],[-15.314,-11.73],[-17.778,42.14],[18.842,41.651],[21.29,15.33],[18.366,-4.854]],"c":false},"ix":2},"nm":"Path 1","mn":"ADBE Vector Shape - Group","hd":false},{"ty":"fl","c":{"a":0,"k":[0.341176480055,0.490196079016,0.909803926945,1],"ix":4},"o":{"a":0,"k":100,"ix":5},"r":1,"nm":"Fill 1","mn":"ADBE Vector Graphic - Fill","hd":false},{"ty":"tr","p":{"a":0,"k":[0,0],"ix":2},"a":{"a":0,"k":[0,0],"ix":1},"s":{"a":0,"k":[100,100],"ix":3},"r":{"a":0,"k":0,"ix":6},"o":{"a":0,"k":100,"ix":7},"sk":{"a":0,"k":0,"ix":4},"sa":{"a":0,"k":0,"ix":5},"nm":"Transform"}],"nm":"Group 13","np":2,"cix":2,"ix":1,"mn":"ADBE Vector Group","hd":false}],"ip":0,"op":34,"st":0,"bm":0},{"ddd":0,"ind":7,"ty":4,"nm":"Group 14","sr":1,"ks":{"o":{"a":0,"k":100,"ix":11},"r":{"a":0,"k":0,"ix":10},"p":{"a":0,"k":[34.457,54.706,0],"ix":2},"a":{"a":0,"k":[-2.043,-39.294,0],"ix":1},"s":{"a":0,"k":[100,100,100],"ix":6}},"ao":0,"shapes":[{"ty":"gr","it":[{"ind":0,"ty":"sh","ix":1,"ks":{"a":0,"k":{"i":[[0,0],[-0.783,3.443],[0,0],[-3.511,0]],"o":[[3.68,0],[0,0],[0.947,3.202],[0,0]],"v":[[-2.105,-36.289],[5.438,-42.3],[-9.523,-41.826],[-2.105,-36.289]],"c":false},"ix":2},"nm":"Path 1","mn":"ADBE Vector Shape - Group","hd":false},{"ty":"fl","c":{"a":0,"k":[1,0.823529422283,0.733333349228,1],"ix":4},"o":{"a":0,"k":100,"ix":5},"r":1,"nm":"Fill 1","mn":"ADBE Vector Graphic - Fill","hd":false},{"ty":"tr","p":{"a":0,"k":[0,0],"ix":2},"a":{"a":0,"k":[0,0],"ix":1},"s":{"a":0,"k":[100,100],"ix":3},"r":{"a":0,"k":0,"ix":6},"o":{"a":0,"k":100,"ix":7},"sk":{"a":0,"k":0,"ix":4},"sa":{"a":0,"k":0,"ix":5},"nm":"Transform"}],"nm":"Group 14","np":2,"cix":2,"ix":1,"mn":"ADBE Vector Group","hd":false}],"ip":0,"op":34,"st":0,"bm":0},{"ddd":0,"ind":8,"ty":4,"nm":"Group 15","sr":1,"ks":{"o":{"a":0,"k":100,"ix":11},"r":{"a":0,"k":0,"ix":10},"p":{"a":0,"k":[34.156,73.069,0],"ix":2},"a":{"a":0,"k":[-2.344,-20.931,0],"ix":1},"s":{"a":0,"k":[100,100,100],"ix":6}},"ao":0,"shapes":[{"ty":"gr","it":[{"ind":0,"ty":"sh","ix":1,"ks":{"a":0,"k":{"i":[[0,0],[0,0],[4.74,-0.116],[0,0],[0,0],[3.679,0],[0.948,3.201],[0,0],[0,0],[1.842,-2.857],[0,0],[0,0],[0,0],[0,0],[0,0]],"o":[[0,0],[-1.273,-4.575],[0,0],[0,0],[-0.783,3.443],[-3.511,0],[0,0],[0,0],[-3.395,0.107],[0,0],[0,0],[0,0],[0,0],[0,0],[0,0]],"v":[[12.886,-32.419],[16.513,-34.75],[6.284,-42.323],[6.217,-42.323],[5.439,-42.299],[-2.105,-36.288],[-9.524,-41.825],[-10.81,-41.786],[-11.187,-41.777],[-19.558,-37.043],[-21.2,-30.031],[-15.597,-24.135],[-15.597,0.465],[16.503,0.465],[13.828,-23.758]],"c":true},"ix":2},"nm":"Path 1","mn":"ADBE Vector Shape - Group","hd":false},{"ty":"fl","c":{"a":0,"k":[0.89411765337,0.913725495338,1,1],"ix":4},"o":{"a":0,"k":100,"ix":5},"r":1,"nm":"Fill 1","mn":"ADBE Vector Graphic - Fill","hd":false},{"ty":"tr","p":{"a":0,"k":[0,0],"ix":2},"a":{"a":0,"k":[0,0],"ix":1},"s":{"a":0,"k":[100,100],"ix":3},"r":{"a":0,"k":0,"ix":6},"o":{"a":0,"k":100,"ix":7},"sk":{"a":0,"k":0,"ix":4},"sa":{"a":0,"k":0,"ix":5},"nm":"Transform"}],"nm":"Group 15","np":2,"cix":2,"ix":1,"mn":"ADBE Vector Group","hd":false}],"ip":0,"op":34,"st":0,"bm":0},{"ddd":0,"ind":9,"ty":4,"nm":"Group 16","sr":1,"ks":{"o":{"a":0,"k":100,"ix":11},"r":{"a":0,"k":0,"ix":10},"p":{"a":0,"k":[25.248,179.289,0],"ix":2},"a":{"a":0,"k":[-11.252,85.289,0],"ix":1},"s":{"a":0,"k":[100,100,100],"ix":6}},"ao":0,"shapes":[{"ty":"gr","it":[{"ind":0,"ty":"sh","ix":1,"ks":{"a":0,"k":{"i":[[0,0],[-0.277,0],[0,0],[-0.191,0.191],[0,0.296],[0.487,0.109],[0,0],[0.081,0.091],[0,0],[0.019,-0.592]],"o":[[-0.009,0.28],[0,0],[0.295,0],[0.191,-0.191],[0,-0.495],[0,0],[0.109,-0.02],[0,0],[-0.048,1.325],[0,0]],"v":[[-16.724,86.531],[-16.233,87.036],[-6.837,87.036],[-6.089,86.726],[-5.779,85.977],[-6.609,84.467],[-10.307,83.752],[-10.341,83.542],[-16.619,83.542],[-16.724,86.531]],"c":false},"ix":2},"nm":"Path 1","mn":"ADBE Vector Shape - Group","hd":false},{"ty":"fl","c":{"a":0,"k":[0.435294121504,0.149019613862,0.466666668653,1],"ix":4},"o":{"a":0,"k":100,"ix":5},"r":1,"nm":"Fill 1","mn":"ADBE Vector Graphic - Fill","hd":false},{"ty":"tr","p":{"a":0,"k":[0,0],"ix":2},"a":{"a":0,"k":[0,0],"ix":1},"s":{"a":0,"k":[100,100],"ix":3},"r":{"a":0,"k":0,"ix":6},"o":{"a":0,"k":100,"ix":7},"sk":{"a":0,"k":0,"ix":4},"sa":{"a":0,"k":0,"ix":5},"nm":"Transform"}],"nm":"Group 16","np":2,"cix":2,"ix":1,"mn":"ADBE Vector Group","hd":false}],"ip":0,"op":34,"st":0,"bm":0},{"ddd":0,"ind":10,"ty":4,"nm":"Group 17","sr":1,"ks":{"o":{"a":0,"k":100,"ix":11},"r":{"a":0,"k":0,"ix":10},"p":{"a":0,"k":[27.553,145.142,0],"ix":2},"a":{"a":0,"k":[-8.947,51.142,0],"ix":1},"s":{"a":0,"k":[100,100,100],"ix":6}},"ao":0,"shapes":[{"ty":"gr","it":[{"ind":0,"ty":"sh","ix":1,"ks":{"a":0,"k":{"i":[[0,0],[-0.277,0],[0,0],[-0.191,0.191],[0,0.296],[0.487,0.109],[0,0],[0.081,0.091],[0,0],[0,0],[-0.062,0.329],[-1.558,8.785],[-0.477,3.137],[-0.081,0.558],[-0.239,1.907],[-0.02,0.119],[-0.114,1.039],[-0.024,0.228],[-0.104,1.197],[-0.086,1.315],[-0.024,0.367],[-0.014,0.214],[-0.072,0.038],[0,0],[0.09,0.059],[-0.048,0.225],[2.026,1.391],[0.32,0.224],[0.047,0.038],[0.081,0.033],[0.835,0.271],[0.086,0.015],[0.63,0.056],[0.418,0.02],[-0.009,-0.589],[-0.065,-3.613],[-0.033,-1.678],[-0.038,-4.642],[0.048,-4.31],[0.1,-3.271],[0.147,-4.081],[0.019,-0.592]],"o":[[-0.009,0.28],[0,0],[0.295,0],[0.191,-0.191],[0,-0.495],[0,0],[0.109,-0.02],[-0.071,-0.081],[0,0],[0.062,-0.324],[1.663,-8.752],[0.559,-3.128],[0.095,-0.557],[0.281,-1.897],[0.014,-0.124],[0.128,-1.044],[0.029,-0.233],[0.129,-1.197],[0.124,-1.316],[0.024,-0.363],[0.014,-0.21],[-0.014,-0.047],[0,0],[-0.091,-0.061],[-0.548,0.212],[-1.935,-1.492],[-0.324,-0.225],[-0.071,-0.053],[-0.053,-0.018],[-0.806,-0.348],[0.034,0.028],[-0.62,-0.104],[-0.413,-0.038],[-0.588,-0.03],[0.055,3.593],[0.033,1.678],[0.081,4.643],[0.034,4.338],[-0.034,3.294],[-0.067,2.202],[-0.048,1.325],[0,0]],"v":[[-16.724,86.531],[-16.233,87.036],[-6.837,87.036],[-6.089,86.726],[-5.779,85.977],[-6.609,84.467],[-10.307,83.752],[-10.341,83.542],[-10.503,83.389],[-10.412,82.678],[-10.226,81.697],[-5.117,55.46],[-3.567,46.063],[-3.305,44.39],[-2.523,38.684],[-2.475,38.317],[-2.113,35.195],[-2.037,34.499],[-1.68,30.909],[-1.365,26.958],[-1.293,24.431],[-1.255,23.797],[-1.169,23.669],[-1.169,21.214],[-1.356,21.09],[-1.513,20.613],[-7.376,17.629],[-8.363,16.98],[-8.539,16.851],[-8.73,16.775],[-11.166,15.822],[-12.248,15.569],[-14.117,15.336],[-15.365,15.248],[-16.436,16.281],[-16.247,27.091],[-16.152,32.125],[-15.966,46.063],[-15.98,60.946],[-16.176,70.795],[-16.619,83.542],[-16.724,86.531]],"c":false},"ix":2},"nm":"Path 1","mn":"ADBE Vector Shape - Group","hd":false},{"ty":"fl","c":{"a":0,"k":[1,0.823529422283,0.733333349228,1],"ix":4},"o":{"a":0,"k":100,"ix":5},"r":1,"nm":"Fill 1","mn":"ADBE Vector Graphic - Fill","hd":false},{"ty":"tr","p":{"a":0,"k":[0,0],"ix":2},"a":{"a":0,"k":[0,0],"ix":1},"s":{"a":0,"k":[100,100],"ix":3},"r":{"a":0,"k":0,"ix":6},"o":{"a":0,"k":100,"ix":7},"sk":{"a":0,"k":0,"ix":4},"sa":{"a":0,"k":0,"ix":5},"nm":"Transform"}],"nm":"Group 17","np":2,"cix":2,"ix":1,"mn":"ADBE Vector Group","hd":false}],"ip":0,"op":34,"st":0,"bm":0},{"ddd":0,"ind":11,"ty":4,"nm":"Group 18","sr":1,"ks":{"o":{"a":0,"k":100,"ix":11},"r":{"a":0,"k":0,"ix":10},"p":{"a":0,"k":[45.759,179.289,0],"ix":2},"a":{"a":0,"k":[9.259,85.289,0],"ix":1},"s":{"a":0,"k":[100,100,100],"ix":6}},"ao":0,"shapes":[{"ty":"gr","it":[{"ind":0,"ty":"sh","ix":1,"ks":{"a":0,"k":{"i":[[0,0],[-0.276,0],[0,0],[-0.192,0.191],[0,0.296],[0.486,0.109],[0,0],[0.082,0.091],[0,0],[0.02,-0.592]],"o":[[-0.009,0.28],[0,0],[0.296,0],[0.19,-0.191],[0,-0.495],[0,0],[0.109,-0.02],[0,0],[-0.047,1.325],[0,0]],"v":[[3.787,86.531],[4.278,87.036],[13.674,87.036],[14.423,86.726],[14.732,85.977],[13.903,84.467],[10.204,83.752],[10.17,83.542],[3.892,83.542],[3.787,86.531]],"c":false},"ix":2},"nm":"Path 1","mn":"ADBE Vector Shape - Group","hd":false},{"ty":"fl","c":{"a":0,"k":[0.435294121504,0.149019613862,0.466666668653,1],"ix":4},"o":{"a":0,"k":100,"ix":5},"r":1,"nm":"Fill 1","mn":"ADBE Vector Graphic - Fill","hd":false},{"ty":"tr","p":{"a":0,"k":[0,0],"ix":2},"a":{"a":0,"k":[0,0],"ix":1},"s":{"a":0,"k":[100,100],"ix":3},"r":{"a":0,"k":0,"ix":6},"o":{"a":0,"k":100,"ix":7},"sk":{"a":0,"k":0,"ix":4},"sa":{"a":0,"k":0,"ix":5},"nm":"Transform"}],"nm":"Group 18","np":2,"cix":2,"ix":1,"mn":"ADBE Vector Group","hd":false}],"ip":0,"op":34,"st":0,"bm":0},{"ddd":0,"ind":12,"ty":4,"nm":"Group 19","sr":1,"ks":{"o":{"a":0,"k":100,"ix":11},"r":{"a":0,"k":0,"ix":10},"p":{"a":0,"k":[48.241,144.535,0],"ix":2},"a":{"a":0,"k":[11.741,50.535,0],"ix":1},"s":{"a":0,"k":[100,100,100],"ix":6}},"ao":0,"shapes":[{"ty":"gr","it":[{"ind":0,"ty":"sh","ix":1,"ks":{"a":0,"k":{"i":[[0,0],[-0.276,0],[0,0],[-0.192,0.191],[0,0.296],[0.486,0.109],[0,0],[0.082,0.091],[0,0],[0,0],[-0.062,0.329],[2.081,23.93],[5.545,-10.026],[0.32,0.224],[0.047,0.038],[0.081,0.033],[0.834,0.271],[0.085,0.015],[0.63,0.056],[0.418,0.02],[-0.009,-0.589],[-0.066,-3.613],[-0.033,-1.678],[-0.038,-4.642],[0.048,-4.31],[0.099,-3.271],[0.148,-4.081],[0.02,-0.592]],"o":[[-0.009,0.28],[0,0],[0.296,0],[0.19,-0.191],[0,-0.495],[0,0],[0.109,-0.02],[-0.071,-0.081],[0,0],[0.062,-0.324],[2.795,-14.85],[-0.247,-2.843],[-0.192,0.344],[-0.071,-0.053],[-0.053,-0.018],[-0.806,-0.348],[0.033,0.028],[-0.621,-0.104],[-0.413,-0.038],[-0.588,-0.03],[0.055,3.593],[0.033,1.678],[0.081,4.643],[0.034,4.338],[-0.033,3.294],[-0.068,2.202],[-0.047,1.325],[0,0]],"v":[[3.787,86.531],[4.278,87.036],[13.674,87.036],[14.423,86.726],[14.732,85.977],[13.903,84.467],[10.204,83.752],[10.17,83.542],[10.008,83.389],[10.099,82.678],[10.285,81.697],[19.366,24.271],[13.136,17.629],[12.148,16.98],[11.973,16.851],[11.781,16.775],[9.346,15.822],[8.264,15.569],[6.394,15.336],[5.146,15.248],[4.075,16.281],[4.265,27.091],[4.359,32.125],[4.545,46.063],[4.531,60.946],[4.336,70.795],[3.892,83.542],[3.787,86.531]],"c":false},"ix":2},"nm":"Path 1","mn":"ADBE Vector Shape - Group","hd":false},{"ty":"fl","c":{"a":0,"k":[1,0.823529422283,0.733333349228,1],"ix":4},"o":{"a":0,"k":100,"ix":5},"r":1,"nm":"Fill 1","mn":"ADBE Vector Graphic - Fill","hd":false},{"ty":"tr","p":{"a":0,"k":[0,0],"ix":2},"a":{"a":0,"k":[0,0],"ix":1},"s":{"a":0,"k":[100,100],"ix":3},"r":{"a":0,"k":0,"ix":6},"o":{"a":0,"k":100,"ix":7},"sk":{"a":0,"k":0,"ix":4},"sa":{"a":0,"k":0,"ix":5},"nm":"Transform"}],"nm":"Group 19","np":2,"cix":2,"ix":1,"mn":"ADBE Vector Group","hd":false}],"ip":0,"op":34,"st":0,"bm":0},{"ddd":0,"ind":13,"ty":4,"nm":"Group 20","parent":15,"sr":1,"ks":{"o":{"a":0,"k":100,"ix":11},"r":{"a":0,"k":0,"ix":10},"p":{"a":0,"k":[-3.95,-53.273,0],"ix":2},"a":{"a":0,"k":[-3.95,-53.273,0],"ix":1},"s":{"a":0,"k":[100,100,100],"ix":6}},"ao":0,"shapes":[{"ty":"gr","it":[{"ind":0,"ty":"sh","ix":1,"ks":{"a":0,"k":{"i":[[0,0],[1.092,0.455],[-0.455,1.092],[-1.092,-0.456],[0.456,-1.092]],"o":[[-0.455,1.092],[-1.092,-0.456],[0.455,-1.092],[1.092,0.455],[0,0]],"v":[[-1.974,-52.448],[-4.775,-51.295],[-5.928,-54.097],[-3.126,-55.249],[-1.974,-52.448]],"c":false},"ix":2},"nm":"Path 1","mn":"ADBE Vector Shape - Group","hd":false},{"ty":"fl","c":{"a":0,"k":[1,0.823529422283,0.733333349228,1],"ix":4},"o":{"a":0,"k":100,"ix":5},"r":1,"nm":"Fill 1","mn":"ADBE Vector Graphic - Fill","hd":false},{"ty":"tr","p":{"a":0,"k":[0,0],"ix":2},"a":{"a":0,"k":[0,0],"ix":1},"s":{"a":0,"k":[100,100],"ix":3},"r":{"a":0,"k":0,"ix":6},"o":{"a":0,"k":100,"ix":7},"sk":{"a":0,"k":0,"ix":4},"sa":{"a":0,"k":0,"ix":5},"nm":"Transform"}],"nm":"Group 20","np":2,"cix":2,"ix":1,"mn":"ADBE Vector Group","hd":false}],"ip":0,"op":34,"st":0,"bm":0},{"ddd":0,"ind":14,"ty":4,"nm":"Group 21","parent":15,"sr":1,"ks":{"o":{"a":0,"k":100,"ix":11},"r":{"a":0,"k":0,"ix":10},"p":{"a":0,"k":[-1.454,-56.862,0],"ix":2},"a":{"a":0,"k":[-1.454,-56.862,0],"ix":1},"s":{"a":0,"k":[100,100,100],"ix":6}},"ao":0,"shapes":[{"ty":"gr","it":[{"ind":0,"ty":"sh","ix":1,"ks":{"a":0,"k":{"i":[[0,0],[0.917,-0.258],[1.232,-0.481],[0.045,-0.018],[0.557,-0.695],[-2.766,0],[0,2.558],[3.39,0.225]],"o":[[-0.698,0.696],[-0.701,1.126],[-0.045,0.017],[-0.256,0.844],[1.017,1.658],[3.694,0],[0,-2.406],[0,0]],"v":[[-1.076,-61.481],[-3.535,-59.998],[-6.498,-57.469],[-6.633,-57.413],[-7.874,-55.068],[-1.722,-52.243],[4.966,-56.874],[-1.076,-61.481]],"c":false},"ix":2},"nm":"Path 1","mn":"ADBE Vector Shape - Group","hd":false},{"ty":"fl","c":{"a":0,"k":[0.105882354081,0.23137255013,0.470588237047,1],"ix":4},"o":{"a":0,"k":100,"ix":5},"r":1,"nm":"Fill 1","mn":"ADBE Vector Graphic - Fill","hd":false},{"ty":"tr","p":{"a":0,"k":[0,0],"ix":2},"a":{"a":0,"k":[0,0],"ix":1},"s":{"a":0,"k":[100,100],"ix":3},"r":{"a":0,"k":0,"ix":6},"o":{"a":0,"k":100,"ix":7},"sk":{"a":0,"k":0,"ix":4},"sa":{"a":0,"k":0,"ix":5},"nm":"Transform"}],"nm":"Group 21","np":2,"cix":2,"ix":1,"mn":"ADBE Vector Group","hd":false}],"ip":0,"op":34,"st":0,"bm":0},{"ddd":0,"ind":15,"ty":4,"nm":"Group 23","parent":16,"sr":1,"ks":{"o":{"a":0,"k":100,"ix":11},"r":{"a":0,"k":0,"ix":10},"p":{"a":0,"k":[2.194,-52.856,0],"ix":2},"a":{"a":0,"k":[2.194,-52.856,0],"ix":1},"s":{"a":0,"k":[100,100,100],"ix":6}},"ao":0,"shapes":[{"ty":"gr","it":[{"ind":0,"ty":"sh","ix":1,"ks":{"a":0,"k":{"i":[[0,0],[2.5,0.792],[0.646,1.065],[-0.686,1.644],[-2.732,-1.139],[-0.101,-0.05],[1.31,-2.698]],"o":[[-1.145,2.36],[-1.307,-0.415],[-0.86,-1.414],[1.141,-2.736],[0.104,0.043],[2.614,1.286],[0,0]],"v":[[7.014,-50.502],[0.59,-47.736],[-2.388,-50.065],[-2.756,-54.917],[4.257,-57.805],[4.567,-57.663],[7.014,-50.502]],"c":false},"ix":2},"nm":"Path 1","mn":"ADBE Vector Shape - Group","hd":false},{"ty":"fl","c":{"a":0,"k":[1,0.823529422283,0.733333349228,1],"ix":4},"o":{"a":0,"k":100,"ix":5},"r":1,"nm":"Fill 1","mn":"ADBE Vector Graphic - Fill","hd":false},{"ty":"tr","p":{"a":0,"k":[0,0],"ix":2},"a":{"a":0,"k":[0,0],"ix":1},"s":{"a":0,"k":[100,100],"ix":3},"r":{"a":0,"k":0,"ix":6},"o":{"a":0,"k":100,"ix":7},"sk":{"a":0,"k":0,"ix":4},"sa":{"a":0,"k":0,"ix":5},"nm":"Transform"}],"nm":"Group 23","np":2,"cix":2,"ix":1,"mn":"ADBE Vector Group","hd":false}],"ip":0,"op":34,"st":0,"bm":0},{"ddd":0,"ind":16,"ty":4,"nm":"Group 22","sr":1,"ks":{"o":{"a":0,"k":100,"ix":11},"r":{"a":1,"k":[{"i":{"x":[0.667],"y":[1]},"o":{"x":[0.333],"y":[0]},"n":["0p667_1_0p333_0"],"t":0,"s":[0],"e":[-8]},{"i":{"x":[0.667],"y":[1]},"o":{"x":[0.333],"y":[0]},"n":["0p667_1_0p333_0"],"t":9,"s":[-8],"e":[0]},{"i":{"x":[0.667],"y":[1]},"o":{"x":[0.333],"y":[0]},"n":["0p667_1_0p333_0"],"t":17,"s":[0],"e":[-8]},{"i":{"x":[0.667],"y":[1]},"o":{"x":[0.333],"y":[0]},"n":["0p667_1_0p333_0"],"t":26,"s":[-8],"e":[0]},{"t":34}],"ix":10},"p":{"a":0,"k":[33.888,53.36,0],"ix":2},"a":{"a":0,"k":[-2.612,-40.64,0],"ix":1},"s":{"a":0,"k":[100,100,100],"ix":6}},"ao":0,"shapes":[{"ty":"gr","it":[{"ind":0,"ty":"sh","ix":1,"ks":{"a":0,"k":{"i":[[0,0],[0,0],[0,0],[0,0]],"o":[[0,0],[0,0],[0,0],[0,0]],"v":[[-2.875,-53.311],[-6.491,-40.64],[1.267,-40.67],[1.068,-50.364]],"c":true},"ix":2},"nm":"Path 1","mn":"ADBE Vector Shape - Group","hd":false},{"ty":"fl","c":{"a":0,"k":[1,0.823529422283,0.733333349228,1],"ix":4},"o":{"a":0,"k":100,"ix":5},"r":1,"nm":"Fill 1","mn":"ADBE Vector Graphic - Fill","hd":false},{"ty":"tr","p":{"a":0,"k":[0,0],"ix":2},"a":{"a":0,"k":[0,0],"ix":1},"s":{"a":0,"k":[100,100],"ix":3},"r":{"a":0,"k":0,"ix":6},"o":{"a":0,"k":100,"ix":7},"sk":{"a":0,"k":0,"ix":4},"sa":{"a":0,"k":0,"ix":5},"nm":"Transform"}],"nm":"Group 22","np":2,"cix":2,"ix":1,"mn":"ADBE Vector Group","hd":false}],"ip":0,"op":34,"st":0,"bm":0},{"ddd":0,"ind":17,"ty":4,"nm":"Group 24","parent":15,"sr":1,"ks":{"o":{"a":0,"k":100,"ix":11},"r":{"a":0,"k":0,"ix":10},"p":{"a":0,"k":[-8.706,-47.378,0],"ix":2},"a":{"a":0,"k":[-8.706,-47.378,0],"ix":1},"s":{"a":0,"k":[100,100,100],"ix":6}},"ao":0,"shapes":[{"ty":"gr","it":[{"ind":0,"ty":"sh","ix":1,"ks":{"a":0,"k":{"i":[[0,0],[3.382,-2.236],[0.39,-1.505],[1.753,-1.299],[1.544,-0.047],[1.598,-2.839],[-2.734,-2.724],[-2.924,4.888],[-0.094,1.321],[-4.975,1.922],[0,0],[-0.58,0.329],[2.191,3.443]],"o":[[-2.177,-3.42],[-1.338,0.884],[-1.247,3.16],[-1.241,0.92],[-2.923,0.089],[-1.894,3.364],[4.092,4.078],[0.709,-1.185],[1.627,-5.072],[0,0],[0.607,-0.152],[3.324,-1.883],[0,0]],"v":[[5.578,-59.147],[-4.61,-61.046],[-7.454,-57.526],[-11.283,-51.271],[-15.599,-49.882],[-22.965,-45.411],[-21.538,-35.01],[-7.816,-36.702],[-6.627,-40.518],[1.581,-48.426],[1.346,-48.663],[3.136,-49.372],[5.578,-59.147]],"c":false},"ix":2},"nm":"Path 1","mn":"ADBE Vector Shape - Group","hd":false},{"ty":"fl","c":{"a":0,"k":[0.105882354081,0.23137255013,0.470588237047,1],"ix":4},"o":{"a":0,"k":100,"ix":5},"r":1,"nm":"Fill 1","mn":"ADBE Vector Graphic - Fill","hd":false},{"ty":"tr","p":{"a":0,"k":[0,0],"ix":2},"a":{"a":0,"k":[0,0],"ix":1},"s":{"a":0,"k":[100,100],"ix":3},"r":{"a":0,"k":0,"ix":6},"o":{"a":0,"k":100,"ix":7},"sk":{"a":0,"k":0,"ix":4},"sa":{"a":0,"k":0,"ix":5},"nm":"Transform"}],"nm":"Group 24","np":2,"cix":2,"ix":1,"mn":"ADBE Vector Group","hd":false}],"ip":0,"op":34,"st":0,"bm":0},{"ddd":0,"ind":18,"ty":4,"nm":"Group 25","parent":15,"sr":1,"ks":{"o":{"a":0,"k":100,"ix":11},"r":{"a":0,"k":0,"ix":10},"p":{"a":0,"k":[0.769,-54.909,0],"ix":2},"a":{"a":0,"k":[0.769,-54.909,0],"ix":1},"s":{"a":0,"k":[100,100,100],"ix":6}},"ao":0,"shapes":[{"ty":"gr","it":[{"ind":0,"ty":"sh","ix":1,"ks":{"a":0,"k":{"i":[[0,0],[1.209,4.455],[-2.737,1.551],[-1.208,-4.455],[2.736,-1.551]],"o":[[-4.016,2.276],[-0.823,-3.035],[4.016,-2.276],[0.824,3.035],[0,0]],"v":[[4.252,-48.833],[-5.999,-53.109],[-2.714,-60.984],[7.536,-56.708],[4.252,-48.833]],"c":false},"ix":2},"nm":"Path 1","mn":"ADBE Vector Shape - Group","hd":false},{"ty":"fl","c":{"a":0,"k":[0.105882354081,0.23137255013,0.470588237047,1],"ix":4},"o":{"a":0,"k":100,"ix":5},"r":1,"nm":"Fill 1","mn":"ADBE Vector Graphic - Fill","hd":false},{"ty":"tr","p":{"a":0,"k":[0,0],"ix":2},"a":{"a":0,"k":[0,0],"ix":1},"s":{"a":0,"k":[100,100],"ix":3},"r":{"a":0,"k":0,"ix":6},"o":{"a":0,"k":100,"ix":7},"sk":{"a":0,"k":0,"ix":4},"sa":{"a":0,"k":0,"ix":5},"nm":"Transform"}],"nm":"Group 25","np":2,"cix":2,"ix":1,"mn":"ADBE Vector Group","hd":false}],"ip":0,"op":34,"st":0,"bm":0}],"markers":[]}